age,sex,bmi,children,smoker,region,liquor,charges
19,female,27.9,0,yes,southwest,no,16884.92
18,male,33.77,1,no,southeast,no,1725.55
28,male,33.0,3,no,southeast,no,4449.46
33,male,22.705,0,no,northwest,no,21984.47
32,male,28.88,0,no,northwest,yes,6569.19
31,female,25.74,0,no,southeast,no,3756.62
46,female,33.44,1,no,southeast,no,8240.59
37,female,27.74,3,no,northwest,no,7281.51
37,male,29.83,2,no,northeast,yes,8829.71
60,female,25.84,0,no,northwest,no,28923.14
25,male,26.22,0,no,northeast,no,2721.32
62,female,26.29,0,yes,southeast,no,27808.73
23,male,34.4,0,no,southwest,no,1826.84
56,female,39.82,0,no,southeast,no,11090.72
27,male,42.13,0,yes,southeast,no,39611.76
19,male,24.6,1,no,southwest,yes,4592.67
52,female,30.78,1,no,northeast,no,10797.34
23,male,23.845,0,no,northeast,yes,5011.58
56,male,40.3,0,no,southwest,no,10602.38
30,male,35.3,0,yes,southwest,no,36837.47
60,female,36.005,0,no,northeast,no,13228.85
30,female,32.4,1,no,southwest,no,4149.74
18,male,34.1,0,no,southeast,no,1137.01
34,female,31.92,1,yes,northeast,no,37701.88
37,male,28.025,2,no,northwest,no,6203.9
59,female,27.72,3,no,southeast,yes,17426.25
63,female,23.085,0,no,northeast,no,14451.84
55,female,32.775,2,no,northwest,yes,15230.3
23,male,17.385,1,no,northwest,yes,5316.62
31,male,36.3,2,yes,southwest,no,38711.0
22,male,35.6,0,yes,southwest,no,35585.58
18,female,26.315,0,no,northeast,no,2198.19
19,female,28.6,5,no,southwest,no,4687.8
63,male,28.31,0,no,northwest,no,13770.1
28,male,36.4,1,yes,southwest,no,51194.56
19,male,20.425,0,no,northwest,yes,4384.36
62,female,32.965,3,no,northwest,yes,19022.48
26,male,20.8,0,no,southwest,no,2302.3
35,male,36.67,1,yes,northeast,yes,42980.89
60,male,39.9,0,yes,southwest,no,48173.36
24,female,26.6,0,no,northeast,no,3046.06
31,female,36.63,2,no,southeast,no,4949.76
41,male,21.78,1,no,southeast,no,6272.48
37,female,30.8,2,no,southeast,no,6313.76
38,male,37.05,1,no,northeast,no,6079.67
55,male,37.3,0,no,southwest,no,20630.28
18,female,38.665,2,no,northeast,no,3393.36
28,female,34.77,0,no,northwest,no,3556.92
60,female,24.53,0,no,southeast,no,12629.9
36,male,35.2,1,yes,southeast,yes,41512.8
18,female,35.625,0,no,northeast,yes,4633.2
21,female,33.63,2,no,northwest,yes,6184.17
48,male,28.0,1,yes,southwest,no,23568.27
36,male,34.43,0,yes,southeast,no,37742.58
40,female,28.69,3,no,northwest,no,8059.68
58,male,36.955,2,yes,northwest,no,47496.49
58,female,31.825,2,no,northeast,no,13607.37
18,male,31.68,2,yes,southeast,no,34303.17
53,female,22.88,1,yes,southeast,yes,26343.24
34,female,37.335,2,no,northwest,yes,8731.43
43,male,27.36,3,no,northeast,no,8606.22
25,male,33.66,4,no,southeast,no,4504.66
64,male,24.7,1,no,northwest,no,30166.62
28,female,25.935,1,no,northwest,no,4133.64
20,female,22.42,0,yes,northwest,no,14711.74
19,female,28.9,0,no,southwest,no,1743.21
61,female,39.1,2,no,southwest,no,14235.07
40,male,26.315,1,no,northwest,no,6389.38
40,female,36.19,0,no,southeast,yes,9006.95
28,male,23.98,3,yes,southeast,no,17663.14
27,female,24.75,0,yes,southeast,yes,18990.57
31,male,28.5,5,no,northeast,no,6799.46
53,female,28.1,3,no,southwest,no,11741.73
58,male,32.01,1,no,southeast,yes,14965.84
44,male,27.4,2,no,southwest,yes,10703.21
57,male,34.01,0,no,northwest,no,11356.66
29,female,29.59,1,no,southeast,no,3947.41
21,male,35.53,0,no,southeast,no,1532.47
22,female,39.805,0,no,northeast,no,2755.02
41,female,32.965,0,no,northwest,no,6571.02
31,male,26.885,1,no,northeast,no,4441.21
45,female,38.285,0,no,northeast,no,7935.29
22,male,37.62,1,yes,southeast,no,37165.16
48,female,41.23,4,no,northwest,yes,14068.96
37,female,34.8,2,yes,southwest,yes,42413.7
45,male,22.895,2,yes,northwest,yes,24112.68
57,female,31.16,0,yes,northwest,no,43578.94
56,female,27.2,0,no,southwest,no,11073.18
46,female,27.74,0,no,northwest,yes,11097.13
55,female,26.98,0,no,northwest,no,11082.58
21,female,39.49,0,no,southeast,yes,4446.19
53,female,24.795,1,no,northwest,no,10942.13
59,male,29.83,3,yes,northeast,no,30184.94
35,male,34.77,2,no,northwest,no,5729.01
64,female,31.3,2,yes,southwest,yes,50390.37
28,female,37.62,1,no,southeast,no,3766.88
54,female,30.8,3,no,southwest,no,12105.32
55,male,38.28,0,no,southeast,yes,13398.91
56,male,19.95,0,yes,northeast,yes,25718.98
38,male,19.3,0,yes,southwest,no,15820.7
41,female,31.6,0,no,southwest,no,6186.13
30,male,25.46,0,no,northeast,no,3645.09
18,female,30.115,0,no,northeast,no,21344.85
61,female,29.92,3,yes,southeast,no,30942.19
34,female,27.5,1,no,southwest,no,5003.85
20,male,28.025,1,yes,northwest,no,17560.38
19,female,28.4,1,no,southwest,no,2331.52
26,male,30.875,2,no,northwest,no,3877.3
29,male,27.94,0,no,southeast,yes,5545.8
63,male,35.09,0,yes,southeast,no,47055.53
54,male,33.63,1,no,northwest,no,10825.25
55,female,29.7,2,no,southwest,yes,15415.82
37,male,30.8,0,no,southwest,no,4646.76
21,female,35.72,0,no,northwest,no,2404.73
52,male,32.205,3,no,northeast,yes,14833.5
60,male,28.595,0,no,northeast,no,30260.0
58,male,49.06,0,no,southeast,no,11381.33
29,female,27.94,1,yes,southeast,no,19107.78
49,female,27.17,0,no,southeast,no,8601.33
37,female,23.37,2,no,northwest,no,6686.43
44,male,37.1,2,no,southwest,no,7740.34
18,male,23.75,0,no,northeast,no,1705.62
20,female,28.975,0,no,northwest,yes,4816.05
44,male,31.35,1,yes,northeast,yes,42746.67
47,female,33.915,3,no,northwest,yes,13182.21
26,female,28.785,0,no,northeast,no,3385.4
19,female,28.3,0,yes,southwest,yes,19684.74
52,female,37.4,0,no,southwest,yes,12912.71
32,female,17.765,2,yes,northwest,yes,35572.39
38,male,34.7,2,no,southwest,no,6082.4
59,female,26.505,0,no,northeast,yes,16054.81
61,female,22.04,0,no,northeast,no,13616.36
53,female,35.9,2,no,southwest,no,11163.57
19,male,25.555,0,no,northwest,no,1632.56
20,female,28.785,0,no,northeast,no,2457.21
22,female,28.05,0,no,southeast,yes,4683.16
19,male,34.1,0,no,southwest,no,1261.44
22,male,25.175,0,no,northwest,no,2045.69
54,female,31.9,3,no,southeast,no,27322.73
22,female,36.0,0,no,southwest,yes,4874.86
34,male,22.42,2,no,northeast,no,27375.9
26,male,32.49,1,no,northeast,no,3490.55
34,male,25.3,2,yes,southeast,no,18972.5
29,male,29.735,2,no,northwest,no,18157.88
30,male,28.69,3,yes,northwest,no,20745.99
29,female,38.83,3,no,southeast,no,5138.26
46,male,30.495,3,yes,northwest,yes,44089.42
51,female,37.73,1,no,southeast,no,9877.61
53,female,37.43,1,no,northwest,no,10959.69
19,male,28.4,1,no,southwest,yes,4233.54
35,male,24.13,1,no,northwest,no,5125.22
48,male,29.7,0,no,southeast,no,7789.64
32,female,37.145,3,no,northeast,yes,9058.56
42,female,23.37,0,yes,northeast,no,19964.75
40,female,25.46,1,no,northeast,yes,10197.27
44,male,39.52,0,no,northwest,no,6948.7
48,male,24.42,0,yes,southeast,yes,24628.61
18,male,25.175,0,yes,northeast,no,15518.18
30,male,35.53,0,yes,southeast,no,36950.26
50,female,27.83,3,no,southeast,no,19749.38
42,female,26.6,0,yes,northwest,yes,24433.15
18,female,36.85,0,yes,southeast,no,36149.48
54,male,39.6,1,no,southwest,yes,13502.49
32,female,29.8,2,no,southwest,yes,7961.09
37,male,29.64,0,no,northwest,no,5028.15
47,male,28.215,4,no,northeast,no,10407.09
20,female,37.0,5,no,southwest,no,4830.63
32,female,33.155,3,no,northwest,no,6128.8
19,female,31.825,1,no,northwest,no,2719.28
27,male,18.905,3,no,northeast,no,4827.9
63,male,41.47,0,no,southeast,no,13405.39
49,male,30.3,0,no,southwest,no,8116.68
18,male,15.96,0,no,northeast,no,1694.8
35,female,34.8,1,no,southwest,no,5246.05
24,female,33.345,0,no,northwest,yes,5406.82
63,female,37.7,0,yes,southwest,yes,52160.03
38,male,27.835,2,no,northwest,no,6455.86
54,male,29.2,1,no,southwest,no,10436.1
46,female,28.9,2,no,southwest,no,8823.28
41,female,33.155,3,no,northeast,no,8538.29
58,male,28.595,0,no,northwest,no,11735.88
18,female,38.28,0,no,southeast,no,1631.82
22,male,19.95,3,no,northeast,no,4005.42
44,female,26.41,0,no,northwest,no,7419.48
44,male,30.69,2,no,southeast,no,7731.43
36,male,41.895,3,yes,northeast,no,43753.34
26,female,29.92,2,no,southeast,no,3981.98
30,female,30.9,3,no,southwest,yes,7819.7
41,female,32.2,1,no,southwest,no,6775.96
29,female,32.11,2,no,northwest,no,4922.92
61,male,31.57,0,no,southeast,no,12557.61
36,female,26.2,0,no,southwest,no,4883.87
25,male,25.74,0,no,southeast,yes,4644.27
56,female,26.6,1,no,northwest,no,12044.34
18,male,34.43,0,no,southeast,yes,3544.43
19,male,30.59,0,no,northwest,yes,3953.96
39,female,32.8,0,no,southwest,no,5649.72
45,female,28.6,2,no,southeast,no,8516.83
51,female,18.05,0,no,northwest,yes,12871.05
64,female,39.33,0,no,northeast,no,14901.52
19,female,32.11,0,no,northwest,no,2130.68
48,female,32.23,1,no,southeast,no,8871.15
60,female,24.035,0,no,northwest,no,13012.21
27,female,36.08,0,yes,southeast,yes,39823.44
46,male,22.3,0,no,southwest,yes,10135.34
28,female,28.88,1,no,northeast,yes,7072.54
59,male,26.4,0,no,southeast,yes,14707.22
35,male,27.74,2,yes,northeast,no,20984.09
63,female,31.8,0,no,southwest,yes,17540.58
40,male,41.23,1,no,northeast,no,6610.11
20,male,33.0,1,no,southwest,no,1980.07
40,male,30.875,4,no,northwest,no,8162.72
24,male,28.5,2,no,northwest,yes,6252.04
34,female,26.73,1,no,southeast,no,5002.78
45,female,30.9,2,no,southwest,no,8520.03
41,female,37.1,2,no,southwest,no,7371.77
53,female,26.6,0,no,northwest,yes,13408.41
27,male,23.1,0,no,southeast,yes,5320.54
26,female,29.92,1,no,southeast,no,3392.98
24,female,23.21,0,no,southeast,no,25081.77
34,female,33.7,1,no,southwest,no,5012.47
53,female,33.25,0,no,northeast,no,10564.88
32,male,30.8,3,no,southwest,no,5253.52
19,male,34.8,0,yes,southwest,no,34779.62
42,male,24.64,0,yes,southeast,yes,22391.87
55,male,33.88,3,no,southeast,no,11987.17
28,male,38.06,0,no,southeast,yes,5529.27
58,female,41.91,0,no,southeast,no,24227.34
41,female,31.635,1,no,northeast,no,7358.18
47,male,25.46,2,no,northeast,yes,12357.85
42,female,36.195,1,no,northwest,yes,10466.95
59,female,27.83,3,no,southeast,no,14001.29
19,female,17.8,0,no,southwest,no,1727.78
59,male,27.5,1,no,southwest,no,12333.83
39,male,24.51,2,no,northwest,no,6710.19
40,female,22.22,2,yes,southeast,no,19444.27
18,female,26.73,0,no,southeast,no,1615.77
31,male,38.39,2,no,southeast,no,4463.21
19,male,29.07,0,yes,northwest,yes,19693.14
44,male,38.06,1,no,southeast,yes,10360.13
23,female,36.67,2,yes,northeast,no,38511.63
33,female,22.135,1,no,northeast,no,5354.07
55,female,26.8,1,no,southwest,yes,38395.68
40,male,35.3,3,no,southwest,no,7196.87
63,female,27.74,0,yes,northeast,no,29523.17
54,male,30.02,0,no,northwest,no,24476.48
60,female,38.06,0,no,southeast,no,12648.7
24,male,35.86,0,no,southeast,no,1986.93
19,male,20.9,1,no,southwest,no,1832.09
29,male,28.975,1,no,northeast,no,4040.56
18,male,17.29,2,yes,northeast,no,12829.46
63,female,32.2,2,yes,southwest,no,47305.3
54,male,34.21,2,yes,southeast,no,44260.75
27,male,30.3,3,no,southwest,no,4260.74
50,male,31.825,0,yes,northeast,yes,43990.77
55,female,25.365,3,no,northeast,no,13047.33
56,male,33.63,0,yes,northwest,no,43921.18
38,female,40.15,0,no,southeast,yes,8376.71
51,male,24.415,4,no,northwest,yes,14761.47
19,male,31.92,0,yes,northwest,no,33750.29
58,female,25.2,0,no,southwest,yes,15038.35
20,female,26.84,1,yes,southeast,no,17085.27
52,male,24.32,3,yes,northeast,yes,27887.35
19,male,36.955,0,yes,northwest,yes,38527.38
53,female,38.06,3,no,southeast,no,20463.0
46,male,42.35,3,yes,southeast,yes,49075.9
40,male,19.8,1,yes,southeast,yes,19905.0
59,female,32.395,3,no,northeast,yes,17894.94
45,male,30.2,1,no,southwest,yes,10550.51
49,male,25.84,1,no,northeast,yes,12124.42
18,male,29.37,1,no,southeast,yes,4183.21
50,male,34.2,2,yes,southwest,yes,45923.85
41,male,37.05,2,no,northwest,yes,10236.93
50,male,27.455,1,no,northeast,no,9617.66
25,male,27.55,0,no,northwest,no,2523.17
47,female,26.6,2,no,northeast,no,9715.84
19,male,20.615,2,no,northwest,no,2803.7
22,female,24.3,0,no,southwest,no,2150.47
59,male,31.79,2,no,southeast,no,12928.79
51,female,21.56,1,no,southeast,no,9855.13
40,female,28.12,1,yes,northeast,yes,25410.01
54,male,40.565,3,yes,northeast,yes,51706.22
30,male,27.645,1,no,northeast,yes,7019.66
55,female,32.395,1,no,northeast,no,11879.1
52,female,31.2,0,no,southwest,no,9625.92
46,male,26.62,1,no,southeast,no,7742.11
46,female,48.07,2,no,northeast,yes,12101.27
63,female,26.22,0,no,northwest,no,14256.19
59,female,36.765,1,yes,northeast,no,47896.79
52,male,26.4,3,no,southeast,yes,29064.49
28,female,33.4,0,no,southwest,no,3172.02
29,male,29.64,1,no,northeast,yes,22746.31
25,male,45.54,2,yes,southeast,no,42112.24
22,female,28.82,0,no,southeast,yes,4587.32
25,male,26.8,3,no,southwest,no,3906.13
18,male,22.99,0,no,northeast,no,1704.57
19,male,27.7,0,yes,southwest,no,16297.85
47,male,25.41,1,yes,southeast,no,21978.68
31,male,34.39,3,yes,northwest,no,38746.36
48,female,28.88,1,no,northwest,no,9249.5
36,male,27.55,3,no,northeast,no,6746.74
53,female,22.61,3,yes,northeast,yes,28203.29
56,female,37.51,2,no,southeast,no,12265.51
28,female,33.0,2,no,southeast,no,4349.46
57,female,38.0,2,no,southwest,no,12646.21
29,male,33.345,2,no,northwest,no,19442.35
28,female,27.5,2,no,southwest,no,20177.67
30,female,33.33,1,no,southeast,no,4151.03
58,male,34.865,0,no,northeast,no,11944.59
41,female,33.06,2,no,northwest,yes,10611.59
50,male,26.6,0,no,southwest,no,8444.47
19,female,24.7,0,no,southwest,no,1737.38
43,male,35.97,3,yes,southeast,yes,45078.13
49,male,35.86,0,no,southeast,no,8124.41
27,female,31.4,0,yes,southwest,yes,37377.16
52,male,33.25,0,no,northeast,no,9722.77
50,male,32.205,0,no,northwest,no,8835.26
54,male,32.775,0,no,northeast,no,10435.07
44,female,27.645,0,no,northwest,no,7421.19
32,male,37.335,1,no,northeast,no,4667.61
34,male,25.27,1,no,northwest,no,4894.75
26,female,29.64,4,no,northeast,no,24671.66
34,male,30.8,0,yes,southwest,yes,38385.92
57,male,40.945,0,no,northeast,no,11566.3
29,male,27.2,0,no,southwest,no,2866.09
40,male,34.105,1,no,northeast,no,6600.21
27,female,23.21,1,no,southeast,no,3561.89
45,male,36.48,2,yes,northwest,no,42760.5
64,female,33.8,1,yes,southwest,no,47928.03
52,male,36.7,0,no,southwest,no,9144.56
61,female,36.385,1,yes,northeast,no,48517.56
52,male,27.36,0,yes,northwest,yes,27409.01
61,female,31.16,0,no,northwest,no,13429.04
56,female,28.785,0,no,northeast,no,11658.38
43,female,35.72,2,no,northeast,yes,22147.04
64,male,34.5,0,no,southwest,no,13822.8
60,male,25.74,0,no,southeast,yes,15177.8
62,male,27.55,1,no,northwest,no,13937.67
50,male,32.3,1,yes,northeast,yes,45020.34
46,female,27.72,1,no,southeast,no,8232.64
24,female,27.6,0,no,southwest,yes,21314.55
62,male,30.02,0,no,northwest,no,13352.1
60,female,27.55,0,no,northeast,no,13217.09
63,male,36.765,0,no,northeast,no,13981.85
49,female,41.47,4,no,southeast,no,10977.21
34,female,29.26,3,no,southeast,no,6184.3
33,male,35.75,2,no,southeast,no,4890.0
46,male,33.345,1,no,northeast,no,8334.46
36,female,29.92,1,no,southeast,no,5478.04
19,male,27.835,0,no,northwest,yes,4011.61
57,female,23.18,0,no,northwest,no,11830.61
50,female,25.6,0,no,southwest,yes,12223.02
30,female,27.7,0,no,southwest,no,3554.2
33,male,35.245,0,no,northeast,no,12404.88
18,female,38.28,0,no,southeast,no,14133.04
46,male,27.6,0,no,southwest,no,24603.05
46,male,43.89,3,no,southeast,no,8944.12
47,male,29.83,3,no,northwest,no,9620.33
23,male,41.91,0,no,southeast,no,1837.28
18,female,20.79,0,no,southeast,no,1607.51
48,female,32.3,2,no,northeast,no,10043.25
35,male,30.5,1,no,southwest,yes,7386.05
19,female,21.7,0,yes,southwest,yes,16309.11
21,female,26.4,1,no,southwest,yes,5387.52
21,female,21.89,2,no,southeast,no,3180.51
49,female,30.78,1,no,northeast,no,9778.35
56,female,32.3,3,no,northeast,no,13430.26
42,female,24.985,2,no,northwest,no,8017.06
44,male,32.015,2,no,northwest,no,8116.27
18,male,30.4,3,no,northeast,no,3481.87
61,female,21.09,0,no,northwest,no,13415.04
57,female,22.23,0,no,northeast,no,12029.29
42,female,33.155,1,no,northeast,no,7639.42
26,male,32.9,2,yes,southwest,yes,38772.72
20,male,33.33,0,no,southeast,yes,3857.42
23,female,28.31,0,yes,northwest,yes,20351.71
39,female,24.89,3,yes,northeast,no,21659.93
24,male,40.15,0,yes,southeast,no,38126.25
64,female,30.115,3,no,northwest,no,16455.71
62,male,31.46,1,no,southeast,no,27000.98
27,female,17.955,2,yes,northeast,no,15006.58
55,male,30.685,0,yes,northeast,no,42303.69
55,male,33.0,0,no,southeast,no,20781.49
35,female,43.34,2,no,southeast,no,5846.92
44,male,22.135,2,no,northeast,no,8302.54
19,male,34.4,0,no,southwest,no,1261.86
58,female,39.05,0,no,southeast,no,11856.41
50,male,25.365,2,no,northwest,no,30284.64
26,female,22.61,0,no,northwest,yes,5775.61
24,female,30.21,3,no,northwest,no,4618.08
48,male,35.625,4,no,northeast,no,10736.87
19,female,37.43,0,no,northwest,yes,4382.19
48,male,31.445,1,no,northeast,no,8964.06
49,male,31.35,1,no,northeast,no,9290.14
46,female,32.3,2,no,northeast,yes,12243.65
46,male,19.855,0,no,northwest,no,7526.71
43,female,34.4,3,no,southwest,no,8522.0
21,male,31.02,0,no,southeast,no,16586.5
64,male,25.6,2,no,southwest,no,14988.43
18,female,38.17,0,no,southeast,no,1631.67
51,female,20.6,0,no,southwest,no,9264.8
47,male,47.52,1,no,southeast,no,8083.92
64,female,32.965,0,no,northwest,no,14692.67
49,male,32.3,3,no,northwest,yes,13000.65
31,male,20.4,0,no,southwest,no,3260.2
52,female,38.38,2,no,northeast,no,11396.9
33,female,24.31,0,no,southeast,no,4185.1
47,female,23.6,1,no,southwest,no,8539.67
38,male,21.12,3,no,southeast,yes,9666.27
32,male,30.03,1,no,southeast,no,4074.45
19,male,17.48,0,no,northwest,no,1621.34
44,female,20.235,1,yes,northeast,no,19594.81
26,female,17.195,2,yes,northeast,yes,17171.79
25,male,23.9,5,no,southwest,no,5080.1
19,female,35.15,0,no,northwest,yes,4463.0
43,female,35.64,1,no,southeast,no,7345.73
52,male,34.1,0,no,southeast,yes,12193.4
36,female,22.6,2,yes,southwest,no,18608.26
64,male,39.16,1,no,southeast,yes,17889.22
63,female,26.98,0,yes,northwest,no,28950.47
64,male,33.88,0,yes,southeast,no,46889.26
61,male,35.86,0,yes,southeast,yes,49709.46
40,male,32.775,1,yes,northeast,yes,41925.93
25,male,30.59,0,no,northeast,yes,5615.84
48,male,30.2,2,no,southwest,no,8968.33
45,male,24.31,5,no,southeast,no,9788.87
38,female,27.265,1,no,northeast,yes,9273.99
18,female,29.165,0,no,northeast,no,7323.73
21,female,16.815,1,no,northeast,yes,5698.45
27,female,30.4,3,no,northwest,no,18804.75
19,male,33.1,0,no,southwest,no,23082.96
29,female,20.235,2,no,northwest,no,4906.41
42,male,26.9,0,no,southwest,no,5969.72
60,female,30.5,0,no,southwest,no,12638.2
31,male,28.595,1,no,northwest,yes,6886.11
60,male,33.11,3,no,southeast,yes,17357.02
22,male,31.73,0,no,northeast,yes,4589.55
35,male,28.9,3,no,southwest,no,5926.85
52,female,46.75,5,no,southeast,no,12592.53
26,male,29.45,0,no,northeast,no,2897.32
31,female,32.68,1,no,northwest,no,4738.27
33,female,33.5,0,yes,southwest,yes,40060.98
18,male,43.01,0,no,southeast,no,1149.4
59,female,36.52,1,no,southeast,yes,31371.13
56,male,26.695,1,yes,northwest,yes,29430.01
45,female,33.1,0,no,southwest,no,7345.08
60,male,29.64,0,no,northeast,no,12731.0
56,female,25.65,0,no,northwest,no,11454.02
40,female,29.6,0,no,southwest,yes,8737.18
35,male,38.6,1,no,southwest,no,4762.33
39,male,29.6,4,no,southwest,yes,10276.09
30,male,24.13,1,no,northwest,no,4032.24
24,male,23.4,0,no,southwest,no,1969.61
20,male,29.735,0,no,northwest,yes,4184.69
32,male,46.53,2,no,southeast,yes,7591.27
59,male,37.4,0,no,southwest,yes,25171.32
55,female,30.14,2,no,southeast,no,11881.97
57,female,30.495,0,no,northwest,no,11840.78
56,male,39.6,0,no,southwest,no,10601.41
40,female,33.0,3,no,southeast,no,7682.67
49,female,36.63,3,no,southeast,no,10381.48
42,male,30.0,0,yes,southwest,yes,24967.39
62,female,38.095,2,no,northeast,no,15230.32
56,male,25.935,0,no,northeast,no,11165.42
19,male,25.175,0,no,northwest,no,1632.04
30,female,28.38,1,yes,southeast,no,19521.97
60,female,28.7,1,no,southwest,no,13224.69
56,female,33.82,2,no,northwest,no,12643.38
28,female,24.32,1,no,northeast,yes,25811.27
18,female,24.09,1,no,southeast,no,2201.1
27,male,32.67,0,no,southeast,no,2497.04
18,female,30.115,0,no,northeast,no,2203.47
19,female,29.8,0,no,southwest,yes,4030.16
47,female,33.345,0,no,northeast,yes,24174.7
54,male,25.1,3,yes,southwest,yes,28730.22
61,male,28.31,1,yes,northwest,yes,32233.2
24,male,28.5,0,yes,northeast,no,35147.53
25,male,35.625,0,no,northwest,no,2534.39
21,male,36.85,0,no,southeast,no,1534.3
23,male,32.56,0,no,southeast,no,1824.29
63,male,41.325,3,no,northwest,no,15555.19
49,male,37.51,2,no,southeast,yes,12399.02
18,female,31.35,0,no,southeast,no,1622.19
51,female,39.5,1,no,southwest,no,9880.07
48,male,34.3,3,no,southwest,yes,12726.19
31,female,31.065,0,no,northeast,no,4347.02
54,female,21.47,3,no,northwest,no,12475.35
19,male,28.7,0,no,southwest,yes,3495.13
44,female,38.06,0,yes,southeast,no,48885.14
53,male,31.16,1,no,northwest,no,10461.98
19,female,32.9,0,no,southwest,no,1748.77
61,female,25.08,0,no,southeast,no,24513.09
18,female,25.08,0,no,northeast,no,2196.47
61,male,43.4,0,no,southwest,no,12574.05
21,male,25.7,4,yes,southwest,no,17942.11
20,male,27.93,0,no,northeast,no,1967.02
31,female,23.6,2,no,southwest,no,4931.65
45,male,28.7,2,no,southwest,no,8027.97
44,female,23.98,2,no,southeast,no,8211.1
62,female,39.2,0,no,southwest,no,13470.86
29,male,34.4,0,yes,southwest,no,36197.7
43,male,26.03,0,no,northeast,no,6837.37
51,male,23.21,1,yes,southeast,no,22218.11
19,male,30.25,0,yes,southeast,no,32548.34
38,female,28.93,1,no,southeast,no,5974.38
37,male,30.875,3,no,northwest,no,6796.86
22,male,31.35,1,no,northwest,no,2643.27
21,male,23.75,2,no,northwest,no,3077.1
24,female,25.27,0,no,northeast,no,3044.21
57,female,28.7,0,no,southwest,yes,14839.39
56,male,32.11,1,no,northeast,yes,14690.08
27,male,33.66,0,no,southeast,no,2498.41
51,male,22.42,0,no,northeast,yes,12522.4
19,male,30.4,0,no,southwest,no,1256.3
39,male,28.3,1,yes,southwest,yes,23987.69
58,male,35.7,0,no,southwest,yes,14553.44
20,male,35.31,1,no,southeast,no,27724.29
45,male,30.495,2,no,northwest,no,8413.46
35,female,31.0,1,no,southwest,yes,8113.36
31,male,30.875,0,no,northeast,no,3857.76
50,female,27.36,0,no,northeast,no,25656.58
32,female,44.22,0,no,southeast,no,3994.18
51,female,33.915,0,no,northeast,yes,13169.56
38,female,37.73,0,no,southeast,no,5397.62
42,male,26.07,1,yes,southeast,yes,41053.65
18,female,33.88,0,no,southeast,no,11482.63
19,female,30.59,2,no,northwest,no,24059.68
51,female,25.8,1,no,southwest,no,9861.02
46,male,39.425,1,no,northeast,no,8342.91
18,male,25.46,0,no,northeast,no,1708.0
57,male,42.13,1,yes,southeast,no,48675.52
62,female,31.73,0,no,northeast,no,14043.48
59,male,29.7,2,no,southeast,no,12925.89
37,male,36.19,0,no,southeast,no,19214.71
64,male,40.48,0,no,southeast,yes,17297.91
38,male,28.025,1,no,northeast,yes,8940.32
33,female,38.9,3,no,southwest,no,5972.38
46,female,30.2,2,no,southwest,yes,11806.28
46,female,28.05,1,no,southeast,yes,11474.84
53,male,31.35,0,no,southeast,no,27346.04
34,female,38.0,3,no,southwest,no,6196.45
20,female,31.79,2,no,southeast,no,3056.39
63,female,36.3,0,no,southeast,no,13887.2
54,female,47.41,0,yes,southeast,no,63770.43
54,male,30.21,0,no,northwest,yes,13214.96
49,male,25.84,2,yes,northwest,no,23807.24
28,male,35.435,0,no,northeast,no,3268.85
54,female,46.7,2,no,southwest,yes,14550.68
25,female,28.595,0,no,northeast,no,3213.62
43,female,46.2,0,yes,southeast,no,45863.2
63,male,30.8,0,no,southwest,no,13390.56
32,female,28.93,0,no,southeast,yes,6747.62
62,male,21.4,0,no,southwest,yes,16252.22
52,female,31.73,2,no,northwest,no,11187.66
25,female,41.325,0,no,northeast,yes,20550.17
28,male,23.8,2,no,southwest,yes,6403.88
46,male,33.44,1,no,northeast,no,8334.59
34,male,34.21,0,no,southeast,no,3935.18
35,female,34.105,3,yes,northwest,no,39983.43
19,male,35.53,0,no,northwest,no,1646.43
46,female,19.95,2,no,northwest,yes,12312.18
54,female,32.68,0,no,northeast,no,10923.93
27,male,30.5,0,no,southwest,no,2494.02
50,male,44.77,1,no,southeast,no,9058.73
18,female,32.12,2,no,southeast,no,2801.26
19,female,30.495,0,no,northwest,no,2128.43
38,female,40.565,1,no,northwest,no,6373.56
41,male,30.59,2,no,northwest,yes,10278.5
49,female,31.9,5,no,southwest,no,11552.9
48,male,40.565,2,yes,northwest,no,45702.02
31,female,29.1,0,no,southwest,no,3761.29
18,female,37.29,1,no,southeast,no,2219.45
30,female,43.12,2,no,southeast,no,4753.64
62,female,36.86,1,no,northeast,no,31620.0
57,female,34.295,2,no,northeast,no,13224.06
58,female,27.17,0,no,northwest,no,12222.9
22,male,26.84,0,no,southeast,no,1665.0
31,female,38.095,1,yes,northeast,no,58571.07
52,male,30.2,1,no,southwest,no,9724.53
25,female,23.465,0,no,northeast,no,3206.49
59,male,25.46,1,no,northeast,no,12913.99
19,male,30.59,0,no,northwest,no,1639.56
39,male,45.43,2,no,southeast,yes,9167.75
32,female,23.65,1,no,southeast,no,17626.24
19,male,20.7,0,no,southwest,no,1242.82
33,female,28.27,1,no,southeast,no,4779.6
21,male,20.235,3,no,northeast,yes,6221.68
34,female,30.21,1,yes,northwest,yes,46753.82
61,female,35.91,0,no,northeast,yes,16721.46
38,female,30.69,1,no,southeast,yes,8918.26
58,female,29.0,0,no,southwest,no,11842.44
47,male,19.57,1,no,northwest,no,8428.07
20,male,31.13,2,no,southeast,no,2566.47
21,female,21.85,1,yes,northeast,no,15359.1
41,male,40.26,0,no,southeast,yes,8589.2
46,female,33.725,1,no,northeast,no,8823.99
42,female,29.48,2,no,southeast,no,7640.31
34,female,33.25,1,no,northeast,no,5594.85
43,male,32.6,2,no,southwest,no,7441.5
52,female,37.525,2,no,northwest,no,33471.97
18,female,39.16,0,no,southeast,no,1633.04
51,male,31.635,0,no,northwest,no,9174.14
56,female,25.3,0,no,southwest,no,11070.54
64,female,39.05,3,no,southeast,no,16085.13
19,female,28.31,0,yes,northwest,no,17468.98
51,female,34.1,0,no,southeast,no,9283.56
27,female,25.175,0,no,northeast,no,3558.62
59,female,23.655,0,yes,northwest,yes,28980.88
28,male,26.98,2,no,northeast,no,4435.09
30,male,37.8,2,yes,southwest,no,39241.44
47,female,29.37,1,no,southeast,no,8547.69
38,female,34.8,2,no,southwest,no,6571.54
18,female,33.155,0,no,northeast,no,2207.7
34,female,19.0,3,no,northeast,no,6753.04
20,female,33.0,0,no,southeast,no,1880.07
47,female,36.63,1,yes,southeast,no,42969.85
56,female,28.595,0,no,northeast,no,11658.12
49,male,25.6,2,yes,southwest,yes,26540.35
19,female,33.11,0,yes,southeast,yes,36872.26
55,female,37.1,0,no,southwest,yes,13693.72
30,male,31.4,1,no,southwest,no,3659.35
37,male,34.1,4,yes,southwest,no,40182.25
49,female,21.3,1,no,southwest,no,9182.17
18,male,33.535,0,yes,northeast,no,34617.84
59,male,28.785,0,no,northwest,no,12129.61
29,female,26.03,0,no,northwest,no,3736.46
36,male,28.88,3,no,northeast,no,6748.59
33,male,42.46,1,no,southeast,yes,13934.13
58,male,38.0,0,no,southwest,no,11365.95
44,female,38.95,0,yes,northwest,no,42983.46
53,male,36.1,1,no,southwest,no,10085.85
24,male,29.3,0,no,southwest,no,1977.82
29,female,35.53,0,no,southeast,yes,5917.19
40,male,22.705,2,no,northeast,no,7173.36
51,male,39.7,1,no,southwest,yes,12308.83
64,male,38.19,0,no,northeast,yes,18031.57
19,female,24.51,1,no,northwest,no,2709.11
35,female,38.095,2,no,northeast,no,24915.05
39,male,26.41,0,yes,northeast,no,20149.32
56,male,33.66,4,no,southeast,no,12949.16
33,male,42.4,5,no,southwest,no,6666.24
42,male,28.31,3,yes,northwest,no,32787.46
61,male,33.915,0,no,northeast,yes,16279.68
23,female,34.96,3,no,northwest,yes,6699.57
43,male,35.31,2,no,southeast,no,18806.15
48,male,30.78,3,no,northeast,no,10141.14
39,male,26.22,1,no,northwest,yes,8890.74
40,female,23.37,3,no,northeast,no,8252.28
18,male,28.5,0,no,northeast,no,1712.23
58,female,32.965,0,no,northeast,yes,15991.1
49,female,42.68,2,no,southeast,no,9800.89
53,female,39.6,1,no,southeast,no,10579.71
48,female,31.13,0,no,southeast,no,8280.62
45,female,36.3,2,no,southeast,yes,11429.44
59,female,35.2,0,no,southeast,no,12244.53
52,female,25.3,2,yes,southeast,yes,27653.74
26,female,42.4,1,no,southwest,no,3410.32
27,male,33.155,2,no,northwest,no,4058.71
48,female,35.91,1,no,northeast,no,26392.26
57,female,28.785,4,no,northeast,no,14394.4
37,male,46.53,3,no,southeast,no,6435.62
57,female,23.98,1,no,southeast,no,22192.44
32,female,31.54,1,no,northeast,yes,7847.92
18,male,33.66,0,no,southeast,yes,3560.98
64,female,22.99,0,yes,southeast,yes,30307.76
43,male,38.06,2,yes,southeast,no,42560.43
49,male,28.7,1,no,southwest,no,8703.46
40,female,32.775,2,yes,northwest,no,40003.33
62,male,32.015,0,yes,northeast,yes,48985.64
40,female,29.81,1,no,southeast,no,6500.24
30,male,31.57,3,no,southeast,yes,7502.21
29,female,31.16,0,no,northeast,no,3943.6
36,male,29.7,0,no,southeast,no,4399.73
41,female,31.02,0,no,southeast,no,6185.32
44,female,43.89,2,yes,southeast,no,46200.99
45,male,21.375,0,no,northwest,no,7222.79
55,female,40.81,3,no,southeast,no,12485.8
60,male,31.35,3,yes,northwest,no,46130.53
56,male,36.1,3,no,southwest,yes,15819.81
49,female,23.18,2,no,northwest,no,10156.78
21,female,17.4,1,no,southwest,yes,5130.86
19,male,20.3,0,no,southwest,yes,3638.19
39,male,35.3,2,yes,southwest,yes,42988.55
53,male,24.32,0,no,northwest,no,9863.47
33,female,18.5,1,no,southwest,no,4766.02
53,male,26.41,2,no,northeast,no,11244.38
42,male,26.125,2,no,northeast,no,7729.65
40,male,41.69,0,no,southeast,no,5438.75
47,female,24.1,1,no,southwest,no,26236.58
27,male,31.13,1,yes,southeast,no,34806.47
21,male,27.36,0,no,northeast,no,2104.11
47,male,36.2,1,no,southwest,no,8068.18
20,male,32.395,1,no,northwest,yes,4896.98
24,male,23.655,0,no,northwest,no,2352.97
27,female,34.8,1,no,southwest,no,3578.0
26,female,40.185,0,no,northwest,no,3201.25
53,female,32.3,2,no,northeast,no,29186.48
41,male,35.75,1,yes,southeast,no,40273.65
56,male,33.725,0,no,northwest,no,10976.25
23,female,39.27,2,no,southeast,no,3500.61
21,female,34.87,0,no,southeast,no,2020.55
50,female,44.745,0,no,northeast,no,9541.7
53,male,41.47,0,no,southeast,yes,12729.41
34,female,26.41,1,no,northwest,no,5385.34
47,female,29.545,1,no,northwest,no,8930.93
33,female,32.9,2,no,southwest,no,5375.04
51,female,38.06,0,yes,southeast,no,44400.41
49,male,28.69,3,no,northwest,no,10264.44
31,female,30.495,3,no,northeast,no,6113.23
36,female,27.74,0,no,northeast,no,5469.01
18,male,35.2,1,no,southeast,no,1727.54
50,female,23.54,2,no,southeast,no,10107.22
43,female,30.685,2,no,northwest,no,8310.84
20,male,40.47,0,no,northeast,no,1984.45
24,female,22.6,0,no,southwest,no,2457.5
60,male,28.9,0,no,southwest,yes,15470.87
49,female,22.61,1,no,northwest,no,9566.99
60,male,24.32,1,no,northwest,yes,16313.56
51,female,36.67,2,no,northwest,no,10848.13
58,female,33.44,0,no,northwest,no,12231.61
51,female,40.66,0,no,northeast,no,9875.68
53,male,36.6,3,no,southwest,no,11264.54
62,male,37.4,0,no,southwest,yes,16338.85
19,male,35.4,0,no,southwest,no,1263.25
50,female,27.075,1,no,northeast,yes,13006.11
30,female,39.05,3,yes,southeast,yes,43411.66
41,male,28.405,1,no,northwest,no,6664.69
29,female,21.755,1,yes,northeast,yes,18947.43
18,female,40.28,0,no,northeast,no,2217.6
41,female,36.08,1,no,southeast,no,6781.35
35,male,24.42,3,yes,southeast,yes,22358.24
53,male,21.4,1,no,southwest,yes,13151.39
24,female,30.1,3,no,southwest,yes,6913.85
48,female,27.265,1,no,northeast,no,9447.25
59,female,32.1,3,no,southwest,yes,17304.28
49,female,34.77,1,no,northwest,no,9583.89
37,female,38.39,0,yes,southeast,yes,43189.64
26,male,23.7,2,no,southwest,no,3484.33
23,male,31.73,3,yes,northeast,yes,38600.05
29,male,35.5,2,yes,southwest,yes,47309.64
45,male,24.035,2,no,northeast,yes,11742.88
27,male,29.15,0,yes,southeast,yes,20985.5
53,male,34.105,0,yes,northeast,no,43254.42
31,female,26.62,0,no,southeast,yes,6363.33
50,male,26.41,0,no,northwest,no,8827.21
50,female,30.115,1,no,northwest,no,9910.36
34,male,27.0,2,no,southwest,no,11737.85
19,male,21.755,0,no,northwest,no,1627.28
47,female,36.0,1,no,southwest,no,8556.91
28,male,30.875,0,no,northwest,no,3062.51
37,female,26.4,0,yes,southeast,yes,22494.27
21,male,28.975,0,no,northwest,no,1906.36
64,male,37.905,0,no,northwest,no,14210.54
58,female,22.77,0,no,southeast,no,11833.78
24,male,33.63,4,no,northeast,no,17128.43
31,male,27.645,2,no,northeast,yes,7838.74
39,female,22.8,3,no,northeast,no,7985.82
47,female,27.83,0,yes,southeast,no,23065.42
30,male,37.43,3,no,northeast,yes,8038.32
18,male,38.17,0,yes,southeast,no,36307.8
22,female,34.58,2,no,northeast,no,3925.76
23,male,35.2,1,no,southwest,yes,5235.31
33,male,27.1,1,yes,southwest,yes,21841.81
27,male,26.03,0,no,northeast,yes,5767.76
45,female,25.175,2,no,northeast,no,9095.07
57,female,31.825,0,no,northwest,yes,15056.69
47,male,32.3,1,no,southwest,yes,11247.45
42,female,29.0,1,no,southwest,yes,9985.79
64,female,39.7,0,no,southwest,yes,17778.64
38,female,19.475,2,no,northwest,no,6933.24
61,male,36.1,3,no,southwest,no,27941.29
53,female,26.7,2,no,southwest,no,11150.78
44,female,36.48,0,no,northeast,no,12797.21
19,female,28.88,0,yes,northwest,no,17748.51
41,male,34.2,2,no,northwest,yes,10190.22
51,male,33.33,3,no,southeast,no,10560.49
40,male,32.3,2,no,northwest,no,6986.7
45,male,39.805,0,no,northeast,yes,10456.47
35,male,34.32,3,no,southeast,no,5934.38
53,male,28.88,0,no,northwest,no,9869.81
30,male,24.4,3,yes,southwest,yes,21020.31
18,male,41.14,0,no,southeast,no,1146.8
51,male,35.97,1,no,southeast,no,9386.16
50,female,27.6,1,yes,southwest,no,24520.26
31,female,29.26,1,no,southeast,no,4350.51
35,female,27.7,3,no,southwest,no,6414.18
60,male,36.955,0,no,northeast,no,12741.17
21,male,36.86,0,no,northwest,no,1917.32
29,male,22.515,3,no,northeast,no,5209.58
62,female,29.92,0,no,southeast,no,13457.96
39,female,41.8,0,no,southeast,yes,8571.49
19,male,27.6,0,no,southwest,no,1252.41
22,female,23.18,0,no,northeast,no,2731.91
53,male,20.9,0,yes,southeast,yes,24478.63
39,female,31.92,2,no,northwest,yes,10103.68
27,male,28.5,0,yes,northwest,yes,21068.45
30,male,44.22,2,no,southeast,yes,7096.79
30,female,22.895,1,no,northeast,yes,7298.85
58,female,33.1,0,no,southwest,no,11848.14
33,male,24.795,0,yes,northeast,no,17904.53
42,female,26.18,1,no,southeast,no,7046.72
64,female,35.97,0,no,southeast,no,14313.85
21,male,22.3,1,no,southwest,no,2103.08
18,female,42.24,0,yes,southeast,no,38792.69
23,male,26.51,0,no,southeast,yes,4333.92
45,female,35.815,0,no,northwest,yes,10655.05
40,female,41.42,1,no,northwest,no,28476.73
19,female,36.575,0,no,northwest,yes,4459.79
18,male,30.14,0,no,southeast,no,1131.51
25,male,25.84,1,no,northeast,no,3309.79
46,female,30.8,3,no,southwest,yes,12493.49
33,female,42.94,3,no,northwest,yes,9195.45
54,male,21.01,2,no,southeast,no,11013.71
28,male,22.515,2,no,northeast,no,4428.89
36,male,34.43,2,no,southeast,yes,8477.71
20,female,31.46,0,no,southeast,no,1877.93
24,female,24.225,0,no,northwest,no,2842.76
23,male,37.1,3,no,southwest,no,3597.6
47,female,26.125,1,yes,northeast,no,23401.31
33,female,35.53,0,yes,northwest,yes,58011.28
45,male,33.7,1,no,southwest,yes,10529.19
26,male,17.67,0,no,northwest,no,2680.95
18,female,31.13,0,no,southeast,no,1621.88
44,female,29.81,2,no,southeast,no,8219.2
60,male,24.32,0,no,northwest,no,12523.6
64,female,31.825,2,no,northeast,yes,19478.06
56,male,31.79,2,yes,southeast,no,43813.87
36,male,28.025,1,yes,northeast,yes,23515.06
41,male,30.78,3,yes,northeast,no,39597.41
39,male,21.85,1,no,northwest,no,6117.49
63,male,33.1,0,no,southwest,no,13393.76
36,female,25.84,0,no,northwest,no,5266.37
28,female,23.845,2,no,northwest,no,4719.74
58,male,34.39,0,no,northwest,no,11743.93
36,male,33.82,1,no,northwest,no,5377.46
42,male,35.97,2,no,southeast,no,7160.33
36,male,31.5,0,no,southwest,no,4402.23
56,female,28.31,0,no,northeast,no,11657.72
35,female,23.465,2,no,northeast,no,6402.29
59,female,31.35,0,no,northwest,no,12622.18
21,male,31.1,0,no,southwest,yes,4032.07
59,male,24.7,0,no,northeast,no,12323.94
23,female,32.78,2,yes,southeast,no,36021.01
57,female,29.81,0,yes,southeast,yes,30833.05
53,male,30.495,0,no,northeast,yes,13124.13
60,female,32.45,0,yes,southeast,no,45008.96
51,female,34.2,1,no,southwest,no,9872.7
23,male,50.38,1,no,southeast,no,2438.06
27,female,24.1,0,no,southwest,yes,5559.47
55,male,32.775,0,no,northwest,no,10601.63
37,female,30.78,0,yes,northeast,yes,40100.62
61,male,32.3,2,no,northwest,yes,17549.34
46,female,35.53,0,yes,northeast,no,42111.66
53,female,23.75,2,no,northeast,no,11729.68
49,female,23.845,3,yes,northeast,yes,27220.56
20,female,29.6,0,no,southwest,no,1875.34
48,female,33.11,0,yes,southeast,no,40974.16
25,male,24.13,0,yes,northwest,no,15817.99
25,female,32.23,1,no,southeast,no,18218.16
57,male,28.1,0,no,southwest,no,10965.45
37,female,47.6,2,yes,southwest,no,46113.51
38,female,28.0,3,no,southwest,no,7151.09
55,female,33.535,2,no,northwest,no,12269.69
36,female,19.855,0,no,northeast,no,5458.05
51,male,25.4,0,no,southwest,yes,11993.22
40,male,29.9,2,no,southwest,no,6600.36
18,male,37.29,0,no,southeast,no,1141.45
57,male,43.7,1,no,southwest,no,11576.13
61,male,23.655,0,no,northeast,yes,16338.85
25,female,24.3,3,no,southwest,yes,6899.23
50,male,36.2,0,no,southwest,no,8457.82
26,female,29.48,1,no,southeast,yes,5850.73
42,male,24.86,0,no,southeast,no,5966.89
43,male,30.1,1,no,southwest,no,6849.03
44,male,21.85,3,no,northeast,no,8891.14
23,female,28.12,0,no,northwest,no,2690.11
49,female,27.1,1,no,southwest,no,26140.36
33,male,33.44,5,no,southeast,no,6653.79
41,male,28.8,1,no,southwest,no,6282.24
37,female,29.5,2,no,southwest,no,6311.95
22,male,34.8,3,no,southwest,no,3443.06
23,male,27.36,1,no,northwest,no,2789.06
21,female,22.135,0,no,northeast,no,2585.85
51,female,37.05,3,yes,northeast,no,46255.11
25,male,26.695,4,no,northwest,yes,7216.91
32,male,28.93,1,yes,southeast,yes,22462.29
57,male,28.975,0,yes,northeast,yes,30440.17
36,female,30.02,0,no,northwest,yes,8021.91
22,male,39.5,0,no,southwest,yes,4524.24
57,male,33.63,1,no,northwest,no,11945.13
64,female,26.885,0,yes,northwest,yes,32819.9
36,female,29.04,4,no,southeast,no,7243.81
54,male,24.035,0,no,northeast,no,10422.92
47,male,38.94,2,yes,southeast,yes,47248.17
62,male,32.11,0,no,northeast,no,13555.0
61,female,44.0,0,no,southwest,no,13063.88
43,female,20.045,2,yes,northeast,yes,22731.01
19,male,25.555,1,no,northwest,yes,4703.68
18,female,40.26,0,no,southeast,yes,4062.3
19,female,22.515,0,no,northwest,no,2117.34
49,male,22.515,0,no,northeast,no,8688.86
60,male,40.92,0,yes,southeast,yes,51947.03
26,male,27.265,3,no,northeast,yes,7294.91
49,male,36.85,0,no,southeast,no,8125.78
60,female,35.1,0,no,southwest,no,12644.59
26,female,29.355,2,no,northeast,no,4564.19
27,male,32.585,3,no,northeast,no,4846.92
44,female,32.34,1,no,southeast,yes,10679.37
63,male,39.8,3,no,southwest,no,15170.07
32,female,24.6,0,yes,southwest,yes,20171.18
22,male,28.31,1,no,northwest,no,2639.04
18,male,31.73,0,yes,northeast,no,33732.69
59,female,26.695,3,no,northwest,no,14382.71
44,female,27.5,1,no,southwest,no,7626.99
33,male,24.605,2,no,northwest,no,5257.51
24,female,33.99,0,no,southeast,no,2473.33
43,female,26.885,0,yes,northwest,yes,24736.01
45,male,22.895,0,yes,northeast,yes,38054.66
61,female,28.2,0,no,southwest,no,13041.92
35,female,34.21,1,no,southeast,no,5245.23
62,female,25.0,0,no,southwest,yes,16805.02
62,female,33.2,0,no,southwest,no,13462.52
38,male,31.0,1,no,southwest,no,5488.26
34,male,35.815,0,no,northwest,no,4320.41
43,male,23.2,0,no,southwest,yes,9045.49
50,male,32.11,2,no,northeast,no,25333.33
19,female,23.4,2,no,southwest,yes,5416.21
57,female,20.1,1,no,southwest,no,12032.33
62,female,39.16,0,no,southeast,no,13470.8
41,male,34.21,1,no,southeast,no,6289.75
26,male,46.53,1,no,southeast,no,2927.06
39,female,32.5,1,no,southwest,no,6238.3
46,male,25.8,5,no,southwest,no,10096.97
45,female,35.3,0,no,southwest,no,7348.14
32,male,37.18,2,no,southeast,no,4673.39
59,female,27.5,0,no,southwest,yes,15357.24
44,male,29.735,2,no,northeast,no,32108.66
39,female,24.225,5,no,northwest,yes,11832.27
18,male,26.18,2,no,southeast,no,2304.0
53,male,29.48,0,no,southeast,yes,12601.9
18,male,23.21,0,no,southeast,no,1121.87
50,female,46.09,1,no,southeast,no,9549.57
18,female,40.185,0,no,northeast,yes,4468.42
19,male,22.61,0,no,northwest,no,1628.47
62,male,39.93,0,no,southeast,no,12982.87
56,female,35.8,1,no,southwest,no,11674.13
42,male,35.8,2,no,southwest,no,7160.09
37,male,34.2,1,yes,northeast,no,39047.29
42,male,31.255,0,no,northwest,no,6358.78
25,male,29.7,3,yes,southwest,yes,22708.31
57,male,18.335,0,no,northeast,no,11534.87
51,male,42.9,2,yes,southeast,yes,50570.22
30,female,28.405,1,no,northwest,no,4527.18
44,male,30.2,2,yes,southwest,yes,41621.36
34,male,27.835,1,yes,northwest,no,20009.63
31,male,39.49,1,no,southeast,no,3875.73
54,male,30.8,1,yes,southeast,no,41999.52
24,male,26.79,1,no,northwest,no,12609.89
43,male,34.96,1,yes,northeast,no,41034.22
48,male,36.67,1,no,northwest,no,28468.92
19,female,39.615,1,no,northwest,no,2730.11
29,female,25.9,0,no,southwest,no,3353.28
63,female,35.2,1,no,southeast,yes,17855.41
46,male,24.795,3,no,northeast,yes,12491.33
52,male,36.765,2,no,northwest,no,26467.1
35,male,27.1,1,no,southwest,no,4746.34
51,male,24.795,2,yes,northwest,no,23967.38
44,male,25.365,1,no,northwest,yes,10465.88
21,male,25.745,2,no,northeast,no,3279.87
39,female,34.32,5,no,southeast,yes,11408.51
50,female,28.16,3,no,southeast,no,10702.64
34,female,23.56,0,no,northeast,yes,7608.81
22,female,20.235,0,no,northwest,yes,5162.51
19,female,40.5,0,no,southwest,no,1759.34
26,male,35.42,0,no,southeast,no,2322.62
29,male,22.895,0,yes,northeast,no,16138.76
48,male,40.15,0,no,southeast,no,7804.16
26,male,29.15,1,no,southeast,no,2902.91
45,female,39.995,3,no,northeast,no,9704.67
36,female,29.92,0,no,southeast,yes,7411.42
54,male,25.46,1,no,northeast,no,25517.11
34,male,21.375,0,no,northeast,no,4500.34
31,male,25.9,3,yes,southwest,no,19199.94
27,female,30.59,1,no,northeast,no,16796.41
20,male,30.115,5,no,northeast,yes,7483.84
44,female,25.8,1,no,southwest,no,7624.63
43,male,30.115,3,no,northwest,no,8410.05
45,female,27.645,1,no,northwest,yes,31681.8
34,male,34.675,0,no,northeast,no,4518.83
24,female,20.52,0,yes,northeast,no,14571.89
26,female,19.8,1,no,southwest,no,3378.91
38,female,27.835,2,no,northeast,no,7144.86
50,female,31.6,2,no,southwest,no,10118.42
38,male,28.27,1,no,southeast,yes,8280.48
27,female,20.045,3,yes,northwest,no,16420.49
39,female,23.275,3,no,northeast,no,7986.48
39,female,34.1,3,no,southwest,no,7418.52
63,female,36.85,0,no,southeast,yes,17135.47
33,female,36.29,3,no,northeast,no,6551.75
36,female,26.885,0,no,northwest,no,5267.82
30,male,22.99,2,yes,northwest,yes,19988.23
24,male,32.7,0,yes,southwest,no,34472.84
24,male,25.8,0,no,southwest,yes,4138.55
48,male,29.6,0,no,southwest,yes,24226.98
47,male,19.19,1,no,northeast,no,8627.54
29,male,31.73,2,no,northwest,no,4433.39
28,male,29.26,2,no,northeast,no,4438.26
47,male,28.215,3,yes,northwest,yes,27957.23
25,male,24.985,2,no,northeast,no,23241.47
51,male,27.74,1,no,northeast,no,9957.72
48,female,22.8,0,no,southwest,no,8269.04
43,male,20.13,2,yes,southeast,no,18767.74
61,female,33.33,4,no,southeast,no,36580.28
48,male,32.3,1,no,northwest,no,8765.25
38,female,27.6,0,no,southwest,no,5383.54
59,male,25.46,0,no,northwest,yes,15459.94
19,female,24.605,1,no,northwest,no,2709.24
26,female,34.2,2,no,southwest,no,3987.93
54,female,35.815,3,no,northwest,yes,16010.45
21,female,32.68,2,no,northwest,no,26018.95
51,male,37.0,0,no,southwest,no,8798.59
22,female,31.02,3,yes,southeast,no,35595.59
47,male,36.08,1,yes,southeast,no,42211.14
18,male,23.32,1,no,southeast,no,1711.03
47,female,45.32,1,no,southeast,no,8569.86
21,female,34.6,0,no,southwest,no,2020.18
19,male,26.03,1,yes,northwest,no,16450.89
23,male,18.715,0,no,northwest,no,21595.38
54,male,31.6,0,no,southwest,no,9850.43
37,female,17.29,2,no,northeast,no,6877.98
46,female,23.655,1,yes,northwest,no,21677.28
55,female,35.2,0,yes,southeast,no,44423.8
30,female,27.93,0,no,northeast,no,4137.52
18,male,21.565,0,yes,northeast,no,13747.87
61,male,38.38,0,no,northwest,no,12950.07
54,female,23.0,3,no,southwest,no,12094.48
22,male,37.07,2,yes,southeast,yes,40439.56
45,female,30.495,1,yes,northwest,yes,42850.7
22,male,28.88,0,no,northeast,no,2250.84
19,male,27.265,2,no,northwest,yes,25100.25
35,female,28.025,0,yes,northwest,yes,23256.77
18,male,23.085,0,no,northeast,no,1704.7
20,male,30.685,0,yes,northeast,no,33475.82
28,female,25.8,0,no,southwest,no,3161.45
55,male,35.245,1,no,northeast,yes,14715.83
43,female,24.7,2,yes,northwest,yes,24695.35
43,female,25.08,0,no,northeast,yes,10258.59
22,male,52.58,1,yes,southeast,no,44501.4
25,female,22.515,1,no,northwest,no,3594.17
49,male,30.9,0,yes,southwest,yes,42920.03
44,female,36.955,1,no,northwest,no,8023.14
64,male,26.41,0,no,northeast,yes,17867.8
49,male,29.83,1,no,northeast,no,9288.03
47,male,29.8,3,yes,southwest,yes,28379.12
27,female,21.47,0,no,northwest,no,3353.47
55,male,27.645,0,no,northwest,no,10594.5
48,female,28.9,0,no,southwest,no,8277.52
45,female,31.79,0,no,southeast,yes,20977.9
24,female,39.49,0,no,southeast,no,2480.98
32,male,33.82,1,no,northwest,no,4462.72
24,male,32.01,0,no,southeast,no,1981.58
57,male,27.94,1,no,southeast,no,11554.22
59,male,41.14,1,yes,southeast,yes,52197.41
36,male,28.595,3,no,northwest,no,6548.2
29,female,25.6,4,no,southwest,no,5708.87
42,female,25.3,1,no,southwest,no,7045.5
48,male,37.29,2,no,southeast,no,8978.19
39,male,42.655,0,no,northeast,no,5757.41
63,male,21.66,1,no,northwest,yes,17577.37
54,female,31.9,1,no,southeast,no,10928.85
37,male,37.07,1,yes,southeast,no,39871.7
63,male,31.445,0,no,northeast,no,13974.46
21,male,31.255,0,no,northwest,no,1909.53
54,female,28.88,2,no,northeast,no,12096.65
60,female,18.335,0,no,northeast,no,13204.29
32,female,29.59,1,no,southeast,no,4562.84
47,female,32.0,1,no,southwest,no,8551.35
21,male,26.03,0,no,northeast,no,2102.26
28,male,31.68,0,yes,southeast,no,34672.15
63,male,33.66,3,no,southeast,no,15161.53
18,male,21.78,2,no,southeast,no,11884.05
32,male,27.835,1,no,northwest,no,4454.4
38,male,19.95,1,no,northwest,no,5855.9
32,male,31.5,1,no,southwest,no,4076.5
62,female,30.495,2,no,northwest,no,15019.76
39,female,18.3,5,yes,southwest,no,19023.26
55,male,28.975,0,no,northeast,no,10796.35
57,male,31.54,0,no,northwest,no,11353.23
52,male,47.74,1,no,southeast,no,9748.91
56,male,22.1,0,no,southwest,no,10577.09
47,male,36.19,0,yes,southeast,yes,44421.95
55,female,29.83,0,no,northeast,no,11286.54
23,male,32.7,3,no,southwest,no,3591.48
22,female,30.4,0,yes,northwest,yes,36493.87
50,female,33.7,4,no,southwest,no,11299.34
18,female,31.35,4,no,northeast,no,4561.19
51,female,34.96,2,yes,northeast,yes,47694.91
22,male,33.77,0,no,southeast,no,1674.63
52,female,30.875,0,no,northeast,no,23045.57
25,female,33.99,1,no,southeast,yes,5915.43
33,female,19.095,2,yes,northeast,yes,19469.39
53,male,28.6,3,no,southwest,no,11253.42
29,male,38.94,1,no,southeast,no,3471.41
58,male,36.08,0,no,southeast,no,11363.28
37,male,29.8,0,no,southwest,yes,23130.71
54,female,31.24,0,no,southeast,no,10338.93
49,female,29.925,0,no,northwest,yes,12111.77
50,female,26.22,2,no,northwest,no,10493.95
26,male,30.0,1,no,southwest,no,2904.09
45,male,20.35,3,no,southeast,yes,11525.0
54,female,32.3,1,no,northeast,yes,14557.25
38,male,38.39,3,yes,southeast,no,41949.24
48,female,25.85,3,yes,southeast,no,24180.93
28,female,26.315,3,no,northwest,no,5312.17
23,male,24.51,0,no,northeast,no,2396.1
55,male,32.67,1,no,southeast,yes,14211.0
41,male,29.64,5,no,northeast,yes,12030.66
25,male,33.33,2,yes,southeast,no,36124.57
33,male,35.75,1,yes,southeast,yes,41135.18
30,female,19.95,3,no,northwest,no,5693.43
23,female,31.4,0,yes,southwest,no,34166.27
46,male,38.17,2,no,southeast,yes,11325.05
53,female,36.86,3,yes,northwest,no,46661.44
27,female,32.395,1,no,northeast,yes,21478.13
23,female,42.75,1,yes,northeast,no,40904.2
63,female,25.08,0,no,northwest,no,14254.61
55,male,29.9,0,no,southwest,no,10214.64
35,female,35.86,2,no,southeast,no,5836.52
34,male,32.8,1,no,southwest,no,14358.36
19,female,18.6,0,no,southwest,no,1728.9
39,female,23.87,5,no,southeast,no,8582.3
27,male,45.9,2,no,southwest,no,3693.43
57,male,40.28,0,no,northeast,yes,23796.27
52,female,18.335,0,no,northwest,no,9991.04
28,male,33.82,0,no,northwest,no,19673.34
50,female,28.12,3,no,northwest,no,11085.59
44,female,25.0,1,no,southwest,no,7623.52
26,female,22.23,0,no,northwest,no,3176.29
33,male,30.25,0,no,southeast,yes,6613.69
19,female,32.49,0,yes,northwest,no,36898.73
50,male,37.07,1,no,southeast,no,9048.03
41,female,32.6,3,no,southwest,no,7954.52
52,female,24.86,0,no,southeast,no,27117.99
39,male,32.34,2,no,southeast,no,6338.08
50,male,32.3,2,no,southwest,no,9630.4
52,male,32.775,3,no,northwest,no,11289.11
60,male,32.8,0,yes,southwest,no,52590.83
20,female,31.92,0,no,northwest,no,2261.57
55,male,21.5,1,no,southwest,no,10791.96
42,male,34.1,0,no,southwest,no,5979.73
18,female,30.305,0,no,northeast,yes,4583.47
58,female,36.48,0,no,northwest,no,12235.84
43,female,32.56,3,yes,southeast,yes,43982.46
35,female,35.815,1,no,northwest,yes,8306.32
48,female,27.93,4,no,northwest,no,11015.17
36,female,22.135,3,no,northeast,yes,10061.65
19,male,44.88,0,yes,southeast,yes,42352.14
23,female,23.18,2,no,northwest,yes,16895.38
20,female,30.59,0,no,northeast,no,2459.72
32,female,41.1,0,no,southwest,no,3989.84
43,female,34.58,1,no,northwest,yes,10498.34
34,male,42.13,2,no,southeast,no,5124.19
30,male,38.83,1,no,southeast,no,18963.17
18,female,28.215,0,no,northeast,yes,4482.5
41,female,28.31,1,no,northwest,yes,9968.14
35,female,26.125,0,no,northeast,no,5227.99
57,male,40.37,0,no,southeast,no,10982.5
29,female,24.6,2,no,southwest,no,4529.48
32,male,35.2,2,no,southwest,no,4670.64
37,female,34.105,1,no,northwest,yes,8954.77
18,male,27.36,1,yes,northeast,yes,19569.53
43,female,26.7,2,yes,southwest,no,22478.6
56,female,41.91,0,no,southeast,no,11093.62
38,male,29.26,2,no,northwest,no,6457.84
29,male,32.11,2,no,northwest,no,4433.92
22,female,27.1,0,no,southwest,no,2154.36
52,female,24.13,1,yes,northwest,no,23887.66
40,female,27.4,1,no,southwest,no,6496.89
23,female,34.865,0,no,northeast,yes,5573.81
31,male,29.81,0,yes,southeast,yes,22028.36
42,female,41.325,1,no,northeast,no,7650.77
24,female,29.925,0,no,northwest,yes,5298.5
25,female,30.3,0,no,southwest,yes,5265.61
48,female,27.36,1,no,northeast,yes,12502.01
23,female,28.49,1,yes,southeast,yes,20873.19
45,male,23.56,2,no,northeast,no,8603.82
20,male,35.625,3,yes,northwest,yes,39981.41
62,female,32.68,0,no,northwest,no,13844.8
43,female,25.27,1,yes,northeast,yes,24938.0
23,female,28.0,0,no,southwest,no,13126.68
31,female,32.775,2,no,northwest,no,5327.4
41,female,21.755,1,no,northeast,no,13725.47
58,female,32.395,1,no,northeast,no,13019.16
48,female,36.575,0,no,northwest,no,8671.19
31,female,21.755,0,no,northwest,no,4134.08
19,female,27.93,3,no,northwest,yes,21650.3
19,female,30.02,0,yes,northwest,yes,35769.24
41,male,33.55,0,no,southeast,no,5699.84
40,male,29.355,1,no,northwest,no,6393.6
31,female,25.8,2,no,southwest,no,4934.7
37,male,24.32,2,no,northwest,no,6198.75
46,male,40.375,2,no,northwest,no,8733.23
22,male,32.11,0,no,northwest,no,2055.32
51,male,32.3,1,no,northeast,no,9964.06
18,female,27.28,3,yes,southeast,yes,20866.11
35,male,17.86,1,no,northwest,yes,8054.41
59,female,34.8,2,no,southwest,no,36910.61
36,male,33.4,2,yes,southwest,no,38415.47
37,female,25.555,1,yes,northeast,yes,23272.65
59,male,37.1,1,no,southwest,no,12347.17
36,male,30.875,1,no,northwest,no,5373.36
39,male,34.1,2,no,southeast,no,23563.02
18,male,21.47,0,no,northeast,no,1702.46
52,female,33.3,2,no,southwest,no,10806.84
27,female,31.255,1,no,northwest,no,3956.07
18,male,39.14,0,no,northeast,no,12890.06
40,male,25.08,0,no,southeast,no,5415.66
29,male,37.29,2,no,southeast,no,4058.12
46,female,34.6,1,yes,southwest,no,41661.6
38,female,30.21,3,no,northwest,yes,10140.44
30,female,21.945,1,no,northeast,yes,7385.92
40,male,24.97,2,no,southeast,yes,9760.85
50,male,25.3,0,no,southeast,no,8442.67
20,female,24.42,0,yes,southeast,no,26125.67
41,male,23.94,1,no,northeast,yes,10062.44
33,female,39.82,1,no,southeast,no,4795.66
38,male,16.815,2,no,northeast,no,6640.54
42,male,37.18,2,no,southeast,no,7162.01
56,male,34.43,0,no,southeast,no,10594.23
58,male,30.305,0,no,northeast,yes,15116.96
52,male,34.485,3,yes,northwest,yes,63333.64
20,female,21.8,0,yes,southwest,no,20167.34
54,female,24.605,3,no,northwest,yes,15696.41
58,male,23.3,0,no,southwest,no,11345.52
45,female,27.83,2,no,southeast,yes,11489.51
26,male,31.065,0,no,northwest,yes,5476.41
63,female,21.66,0,no,northeast,yes,17680.05
58,female,28.215,0,no,northwest,no,12224.35
37,male,22.705,3,no,northeast,yes,9917.67
25,female,42.13,1,no,southeast,yes,5933.12
52,male,41.8,2,yes,southeast,no,47269.85
64,male,36.96,2,yes,southeast,yes,53018.82
22,female,21.28,3,no,northwest,no,4296.27
28,female,33.11,0,no,southeast,yes,5949.74
18,male,33.33,0,no,southeast,no,1135.94
28,male,24.3,5,no,southwest,no,5615.37
45,female,25.7,3,no,southwest,no,9101.8
33,male,29.4,4,no,southwest,yes,9122.27
18,female,39.82,0,no,southeast,no,1633.96
32,male,33.63,1,yes,northeast,no,37607.53
24,male,29.83,0,yes,northeast,yes,20976.56
19,male,19.8,0,no,southwest,yes,3705.33
20,male,27.3,0,yes,southwest,yes,18667.8
40,female,29.3,4,no,southwest,no,15828.82
34,female,27.72,0,no,southeast,yes,7253.51
42,female,37.9,0,no,southwest,no,6474.01
51,female,36.385,3,no,northwest,no,11436.74
54,female,27.645,1,no,northwest,no,11305.93
55,male,37.715,3,no,northwest,no,30063.58
52,female,23.18,0,no,northeast,no,10197.77
32,female,20.52,0,no,northeast,yes,7338.08
28,male,37.1,1,no,southwest,no,3277.16
41,female,28.05,1,no,southeast,no,6770.19
43,female,29.9,1,no,southwest,no,7337.75
49,female,33.345,2,no,northeast,no,10370.91
64,male,23.76,0,yes,southeast,no,26926.51
55,female,30.5,0,no,southwest,yes,13934.67
24,male,31.065,0,yes,northeast,no,34254.05
20,female,33.3,0,no,southwest,no,1880.49
45,male,27.5,3,no,southwest,no,8615.3
26,male,33.915,1,no,northwest,no,3292.53
25,female,34.485,0,no,northwest,no,3021.81
43,male,25.52,5,no,southeast,no,14478.33
35,male,27.61,1,no,southeast,no,4747.05
26,male,27.06,0,yes,southeast,yes,19652.36
57,male,23.7,0,no,southwest,no,10959.33
22,female,30.4,0,no,northeast,yes,5159.57
32,female,29.735,0,no,northwest,yes,6952.48
39,male,29.925,1,yes,northeast,no,22462.04
25,female,26.79,2,no,northwest,no,4189.11
48,female,33.33,0,no,southeast,no,8283.68
47,female,27.645,2,yes,northwest,yes,27720.9
18,female,21.66,0,yes,northeast,no,14283.46
18,male,30.03,1,no,southeast,no,1720.35
61,male,36.3,1,yes,southwest,no,47403.88
47,female,24.32,0,no,northeast,no,8534.67
28,female,17.29,0,no,northeast,no,3732.63
36,female,25.9,1,no,southwest,no,5472.45
20,male,39.4,2,yes,southwest,no,38344.57
44,male,34.32,1,no,southeast,no,7147.47
38,female,19.95,2,no,northeast,no,7133.9
19,male,34.9,0,yes,southwest,no,34828.65
21,male,23.21,0,no,southeast,no,1515.34
46,male,25.745,3,no,northwest,no,9301.89
58,male,25.175,0,no,northeast,no,11931.13
20,male,22.0,1,no,southwest,no,1964.78
18,male,26.125,0,no,northeast,yes,4354.61
28,female,26.51,2,no,southeast,yes,7043.47
33,male,27.455,2,no,northwest,no,5261.47
19,female,25.745,1,no,northwest,no,2710.83
45,male,30.36,0,yes,southeast,yes,65511.31
62,male,30.875,3,yes,northwest,no,46718.16
25,female,20.8,1,no,southwest,no,3208.79
43,male,27.8,0,yes,southwest,yes,40820.43
42,male,24.605,2,yes,northeast,no,21259.38
24,female,27.72,0,no,southeast,no,2464.62
29,female,21.85,0,yes,northeast,no,16115.3
32,male,28.12,4,yes,northwest,no,21472.48
25,female,30.2,0,yes,southwest,yes,36624.73
41,male,32.2,2,no,southwest,no,6875.96
42,male,26.315,1,no,northwest,no,6940.91
33,female,26.695,0,no,northwest,no,4571.41
34,male,42.9,1,no,southwest,no,4536.26
19,female,34.7,2,yes,southwest,yes,38818.74
30,female,23.655,3,yes,northwest,yes,21187.35
18,male,28.31,1,no,northeast,no,11272.33
19,female,20.6,0,no,southwest,no,1731.68
18,male,53.13,0,no,southeast,yes,3763.02
35,male,39.71,4,no,northeast,no,19496.72
39,female,26.315,2,no,northwest,no,7201.7
31,male,31.065,3,no,northwest,no,5425.02
62,male,26.695,0,yes,northeast,no,28101.33
62,male,38.83,0,no,southeast,yes,16551.95
42,female,40.37,2,yes,southeast,no,43896.38
31,male,25.935,1,no,northwest,no,4239.89
61,male,33.535,0,no,northeast,no,13143.34
42,female,32.87,0,no,northeast,no,7050.02
51,male,30.03,1,no,southeast,no,9377.9
23,female,24.225,2,no,northeast,no,22395.74
52,male,38.6,2,no,southwest,yes,13458.84
57,female,25.74,2,no,southeast,no,12629.17
23,female,33.4,0,no,southwest,no,10795.94
52,female,44.7,3,no,southwest,no,11411.68
50,male,30.97,3,no,northwest,no,10600.55
18,female,31.92,0,no,northeast,no,2205.98
18,female,36.85,0,no,southeast,no,1629.83
21,female,25.8,0,no,southwest,yes,4478.56
61,female,29.07,0,yes,northwest,no,29141.36
